couple_id,person1_age,person2_age,age_difference,relationship_years_before_marriage,education_level,person1_monthly_income,person2_monthly_income,financial_stability_score,communication_score,conflict_frequency_per_month,family_support_score,children_count,compatibility_score,marriage_type,marriage_duration_years
1,24,21,3,4,2,76513,30289,2,9,2,10,3,1,0,21.5
2,40,21,19,8,2,127974,40893,8,10,8,1,1,7,1,23.9
3,29,25,4,3,3,44793,24156,7,2,11,6,4,5,0,16.7
4,33,23,10,8,3,112800,87674,4,2,1,4,2,2,0,13.5
5,24,33,9,4,4,113638,33319,6,6,6,5,0,10,0,21.5
6,35,33,2,4,5,75570,101733,6,1,7,1,2,7,1,19.6
7,23,27,4,5,2,148870,63856,8,3,8,3,1,9,1,22.1
8,39,33,6,5,2,54262,78784,8,2,1,2,1,3,1,16.3
9,40,23,17,6,4,140696,81352,5,9,0,2,4,5,1,25.6
10,35,21,14,4,5,64832,78542,2,5,6,3,2,3,0,16.1
11,40,31,9,7,1,47325,59576,5,4,1,4,4,2,0,18.0
12,38,25,13,2,4,61287,46741,9,10,13,4,4,4,1,16.6
13,33,32,1,7,5,136354,27860,4,4,2,6,0,10,0,25.7
14,22,28,6,1,1,104619,21287,9,4,8,8,1,9,0,21.6
15,39,39,0,7,2,141987,117840,7,4,3,2,3,6,1,20.9
16,22,24,2,0,4,106946,116935,2,4,6,4,4,8,0,22.1
17,34,26,8,4,4,83485,126620,2,8,3,1,4,1,0,21.6
18,26,34,8,7,4,74032,125331,7,1,5,7,0,7,1,19.5
19,35,30,5,6,5,145577,32289,4,5,6,1,4,9,0,23.3
20,39,36,3,8,5,59270,19455,9,2,5,2,4,2,0,19.3
21,33,24,9,3,5,28418,93183,2,7,10,5,1,6,0,17.6
22,30,35,5,5,1,20441,72068,10,10,3,2,4,4,1,26.9
23,25,32,7,1,2,114869,49353,3,8,9,10,4,1,1,19.0
24,25,29,4,1,1,58749,47697,5,10,6,6,1,5,1,20.9
25,29,22,7,1,4,90530,17778,1,6,4,5,1,8,1,18.0
26,25,38,13,0,3,56821,68333,3,1,9,6,0,6,0,12.1
27,28,24,4,5,5,124529,93351,3,4,5,3,3,1,0,15.8
28,34,28,6,4,2,46336,62140,1,8,7,4,3,6,1,17.6
29,28,28,0,0,2,122455,55025,5,2,8,6,4,7,1,20.8
30,29,26,3,4,1,46417,90193,7,6,10,7,4,9,0,23.7
31,33,39,6,3,3,29635,104901,7,1,6,6,3,2,1,14.7
32,24,30,6,8,3,125057,54753,7,5,4,4,3,7,0,21.4
33,40,39,1,4,4,18106,51829,5,4,13,10,4,6,1,18.7
34,37,36,1,2,1,92392,79561,10,6,2,4,2,4,0,24.9
35,25,21,4,0,2,142554,92120,2,8,13,10,1,7,1,18.9
36,21,24,3,6,2,64107,117396,9,8,1,9,1,2,1,25.9
37,25,35,10,8,5,101177,110992,8,10,13,9,3,3,1,21.0
38,29,37,8,7,2,89984,69654,2,5,7,5,2,6,0,20.4
39,25,25,0,3,4,58056,104591,4,2,13,7,2,9,1,18.6
40,34,33,1,0,5,117714,74518,1,6,9,7,3,9,0,23.0
41,36,28,8,4,4,145308,15804,7,6,12,3,3,3,0,20.8
42,21,23,2,6,2,139031,35819,1,5,12,6,1,8,1,17.4
43,31,33,2,4,4,84131,121433,2,8,0,9,0,6,0,22.1
44,22,21,1,3,2,23342,93439,3,4,4,8,0,10,0,18.4
45,35,29,6,5,2,48024,113946,3,5,3,10,0,5,1,18.2
46,23,39,16,3,1,97058,123449,10,2,1,6,4,7,1,24.9
47,23,37,14,5,1,128115,119784,8,2,13,6,3,3,1,17.2
48,29,40,11,8,4,139863,69091,10,5,10,4,0,5,1,25.1
49,28,35,7,6,3,25523,76789,6,3,15,4,2,5,1,16.1
50,29,38,9,0,5,68084,23221,4,7,15,9,1,8,1,23.4
51,35,21,14,1,3,76090,65005,4,5,11,8,4,9,1,16.3
52,31,32,1,7,3,98379,44951,4,2,6,6,0,9,0,23.7
53,27,27,0,7,3,92186,25176,4,5,7,6,1,5,0,20.0
54,22,22,0,8,3,51103,95606,8,2,0,10,2,8,1,26.2
55,35,31,4,2,1,84185,124947,8,2,2,7,3,2,0,21.7
56,30,23,7,3,1,127097,91471,10,10,7,9,3,8,1,32.5
57,30,39,9,6,3,33789,91905,2,4,6,5,0,3,0,15.9
58,21,34,13,7,5,141184,50175,1,4,9,5,3,2,0,15.1
59,29,39,10,3,4,48087,83376,4,3,8,3,0,1,0,13.1
60,39,30,9,7,1,140866,102266,5,7,8,9,4,8,1,23.0
61,23,40,17,0,4,102494,91129,5,1,2,4,4,10,0,23.1
62,29,39,10,0,2,141338,80021,8,5,5,10,3,8,0,24.3
63,36,32,4,6,3,102163,99835,2,3,10,7,3,5,1,20.3
64,35,23,12,5,3,102744,27194,7,9,0,9,3,7,0,24.1
65,27,37,10,5,5,148676,93973,8,1,6,5,4,3,1,15.8
66,24,21,3,3,2,99461,84199,1,9,13,2,1,2,1,16.0
67,24,25,1,7,3,89676,66459,8,8,7,8,4,3,1,26.4
68,25,23,2,4,4,107096,115247,9,5,0,5,2,10,1,31.9
69,25,35,10,8,4,108472,55573,9,9,12,8,2,4,0,22.3
70,34,22,12,5,4,117937,62604,3,8,1,3,4,10,1,24.8
71,24,35,11,1,5,137780,14011,3,7,4,2,3,5,1,16.9
72,23,31,8,8,4,101010,94155,8,9,1,10,0,4,1,25.6
73,28,23,5,6,1,44347,70153,3,5,0,1,2,1,1,14.1
74,28,37,9,6,5,65200,34280,3,2,12,10,1,8,0,21.0
75,28,35,7,4,4,84932,99404,1,8,9,9,1,2,1,25.4
76,30,34,4,4,4,97199,38111,7,8,3,4,3,10,1,26.1
77,39,30,9,4,1,121758,47976,1,10,1,10,3,5,0,21.8
78,27,40,13,4,2,43470,94242,1,5,14,1,4,6,0,12.3
79,23,30,7,5,4,64042,38318,3,9,11,9,4,5,0,21.1
80,36,30,6,5,1,140770,21869,3,4,12,9,2,2,1,20.7
81,21,29,8,8,1,137219,60311,5,10,12,6,0,4,1,25.9
82,38,31,7,3,1,139704,103891,5,7,3,3,0,1,1,18.7
83,36,24,12,1,2,53563,62940,8,6,13,10,1,7,0,21.7
84,29,22,7,5,2,134230,70287,4,6,3,6,4,6,0,19.0
85,33,29,4,3,1,137201,24015,4,10,0,1,2,4,0,21.8
86,38,27,11,3,2,104129,113498,3,10,0,5,1,3,1,19.6
87,26,24,2,0,2,21895,58955,4,10,10,1,1,5,0,19.0
88,24,23,1,7,4,112906,79271,10,2,14,9,1,10,0,26.8
89,37,30,7,7,1,33945,74781,7,7,3,8,3,2,0,21.6
90,25,29,4,8,3,117851,90301,9,5,14,9,4,7,0,26.2
91,24,38,14,3,4,136372,128403,4,7,10,8,3,7,0,20.4
92,29,32,3,2,4,35598,23957,2,2,13,2,2,3,0,12.6
93,39,38,1,8,3,50042,65845,6,7,1,5,4,5,1,29.6
94,25,36,11,3,1,109780,122804,9,6,3,5,4,4,1,24.2
95,38,40,2,8,1,88109,15794,3,5,9,6,2,1,0,19.4
96,33,23,10,2,1,42053,109794,9,4,12,7,3,6,0,16.5
97,32,30,2,5,5,40270,127781,1,3,5,10,0,2,1,15.3
98,40,35,5,6,3,74510,110951,9,2,11,7,0,5,1,22.0
99,37,30,7,0,2,121615,90554,1,1,6,5,1,3,1,12.1
100,36,34,2,2,2,117669,81806,4,9,11,2,3,1,1,19.1
101,21,35,14,1,3,130534,87156,7,7,9,2,3,1,1,18.4
102,35,32,3,1,4,45751,43891,7,10,12,9,0,7,1,30.0
103,31,28,3,5,2,38022,78910,2,9,6,6,2,3,0,21.2
104,26,40,14,2,1,64437,113298,8,8,14,10,4,6,1,23.5
105,25,35,10,1,4,133922,94756,5,5,1,6,4,2,1,18.6
106,32,30,2,1,1,118789,72648,10,9,1,8,4,4,1,27.6
107,40,36,4,8,2,34219,71050,2,6,2,9,1,1,0,17.7
108,37,37,0,2,3,115740,49079,7,7,10,10,0,6,0,16.7
109,31,24,7,8,4,92487,45029,10,3,10,2,4,3,1,18.4
110,33,25,8,1,3,116744,96343,6,3,2,7,4,6,0,24.3
111,32,30,2,2,2,107583,112421,8,4,7,3,1,2,1,18.6
112,38,37,1,0,3,52353,90282,7,3,5,3,4,3,1,18.2
113,22,34,12,5,2,134444,92031,5,8,7,9,1,5,1,23.3
114,39,35,4,7,3,118105,77916,9,7,5,4,4,3,1,24.4
115,22,36,14,5,5,44893,105244,9,2,9,2,1,5,1,18.5
116,34,23,11,3,4,109641,15495,7,1,12,9,2,4,1,15.4
117,23,32,9,3,1,101541,24987,6,3,4,1,2,8,0,18.3
118,40,21,19,1,1,85088,40266,3,9,13,2,2,4,1,10.7
119,24,22,2,3,4,137829,20232,2,8,0,9,4,4,0,23.0
120,32,28,4,6,2,40443,80614,6,2,0,7,3,1,1,19.1
121,32,29,3,0,3,35710,57193,4,2,10,3,0,6,1,15.2
122,35,36,1,2,2,34541,105853,8,1,9,4,0,4,0,15.1
123,31,30,1,8,4,142098,45202,1,4,9,6,0,6,1,21.6
124,33,35,2,6,3,66973,77038,8,6,8,2,3,2,1,22.5
125,40,26,14,8,3,102203,25447,2,6,9,5,3,10,1,23.7
126,35,22,13,5,5,132017,47986,1,2,12,6,4,3,0,15.2
127,25,40,15,7,1,51090,20812,4,6,11,7,4,1,0,12.1
128,32,35,3,1,5,54095,81397,6,7,10,5,1,2,0,12.6
129,26,36,10,8,4,48870,46311,5,8,6,10,2,8,0,29.5
130,35,26,9,7,1,101778,99535,6,2,9,5,1,3,1,19.7
131,37,28,9,1,2,54405,43029,8,1,11,9,4,6,1,19.5
132,40,23,17,1,3,122375,105969,8,9,13,7,4,2,0,15.4
133,31,23,8,7,4,108312,28821,9,10,5,3,3,9,0,29.9
134,30,26,4,2,3,77105,57353,9,5,2,5,1,9,1,22.8
135,25,30,5,8,1,149746,96015,3,10,4,3,4,10,1,29.7
136,21,23,2,0,5,87377,97344,4,10,13,10,0,8,1,21.1
137,30,36,6,3,4,95970,71446,2,1,5,8,3,8,1,21.2
138,31,31,0,5,4,52279,111701,6,9,3,6,1,8,0,31.1
139,29,35,6,3,2,43378,18632,5,7,13,4,1,6,1,18.6
140,37,35,2,7,3,148382,15037,2,7,14,4,1,10,1,24.6
141,22,22,0,4,4,141361,49453,9,1,3,7,1,5,1,22.3
142,33,22,11,8,2,113033,84512,5,2,12,9,3,9,1,19.0
143,40,40,0,1,2,43344,63629,6,6,11,3,1,10,1,22.5
144,25,31,6,7,5,137796,31521,10,9,4,6,4,6,0,28.8
145,33,40,7,4,5,106178,78494,9,9,15,10,2,8,0,24.7
146,34,39,5,4,1,142410,46803,10,10,7,1,4,8,0,30.2
147,37,40,3,6,2,81490,16138,10,2,6,1,3,6,1,24.4
148,34,37,3,7,1,54197,79984,4,9,10,8,4,7,1,29.0
149,26,35,9,8,3,110874,100587,5,10,15,4,1,5,1,22.5
150,30,30,0,3,4,101110,74888,6,9,8,5,0,10,1,33.8
151,33,32,1,2,3,29027,49700,2,6,14,5,3,4,0,16.7
152,38,29,9,2,1,80726,43779,1,9,7,4,0,2,1,13.5
153,31,36,5,1,2,19358,84135,3,7,15,8,1,5,1,17.2
154,23,39,16,3,5,27777,34946,7,3,1,7,3,3,1,19.1
155,22,21,1,4,5,46128,55914,5,8,15,3,4,8,1,22.8
156,26,35,9,4,2,21692,108549,6,5,6,3,4,7,1,22.3
157,37,31,6,1,4,43004,36219,3,8,10,4,0,5,1,18.2
158,31,30,1,0,3,112254,102802,4,1,3,8,2,3,1,21.6
159,37,30,7,1,3,114349,92560,4,4,4,8,1,8,1,19.3
160,36,38,2,3,2,39461,80879,8,9,11,2,4,2,0,22.1
161,38,37,1,3,5,57282,33566,6,9,14,2,1,10,1,27.5
162,22,35,13,2,5,126901,71873,10,1,14,5,0,7,1,19.1
163,21,27,6,1,1,129069,57158,2,9,1,2,3,1,1,13.2
164,34,32,2,6,4,116958,61236,2,9,4,6,0,3,1,24.5
165,37,25,12,3,1,23959,51107,8,9,13,9,3,4,0,18.6
166,27,24,3,0,4,22101,43544,4,2,3,10,0,8,0,19.5
167,28,22,6,6,4,79430,82747,4,1,4,9,2,4,1,14.9
168,31,28,3,4,2,75945,66206,5,5,1,9,4,3,1,20.3
169,38,36,2,0,3,117917,114996,9,6,13,7,1,5,1,23.4
170,28,28,0,4,2,139379,19552,9,7,13,9,4,3,1,25.8
171,28,29,1,3,3,38727,70954,6,2,6,1,2,7,0,19.5
172,39,38,1,3,4,72759,125963,6,5,0,4,1,2,1,20.6
173,28,40,12,3,4,80739,84362,6,5,12,8,4,6,1,20.6
174,36,35,1,1,4,101947,38624,6,6,13,1,4,4,0,21.2
175,21,29,8,8,5,127465,50691,3,4,10,4,3,10,0,18.0
176,31,29,2,7,4,138803,34050,6,3,4,9,3,3,0,21.9
177,37,22,15,1,1,19673,66053,3,4,2,3,0,4,1,10.8
178,40,36,4,7,1,19733,81758,9,7,0,1,4,5,1,28.4
179,21,37,16,6,2,46053,24624,9,3,7,4,4,9,1,22.3
180,33,23,10,5,4,138323,86055,4,4,9,2,0,2,1,12.4
181,33,33,0,8,4,32710,95459,1,3,2,8,3,6,0,26.8
182,28,27,1,7,3,30205,21744,5,9,1,3,2,1,0,16.9
183,39,25,14,6,1,96453,33292,10,4,12,9,2,7,0,22.4
184,23,37,14,5,1,43607,69290,4,2,10,10,4,10,1,16.8
185,31,21,10,4,4,146608,41902,6,9,12,7,1,10,1,28.0
186,28,23,5,1,3,58428,61807,3,7,10,6,0,2,0,16.1
187,30,35,5,5,3,44799,29367,2,3,13,8,4,9,1,20.8
188,38,23,15,5,4,21235,50253,7,7,2,9,1,10,0,26.5
189,33,26,7,2,3,96939,47180,8,3,2,3,3,5,1,18.9
190,32,29,3,3,4,69261,72012,2,3,9,1,3,6,1,20.7
191,31,35,4,5,4,53684,51378,6,10,6,8,2,3,1,26.5
192,36,39,3,3,3,116580,48739,7,6,3,10,1,10,0,28.1
193,38,21,17,7,2,132938,116554,5,2,13,8,1,5,0,15.4
194,34,33,1,1,4,143628,88315,7,9,13,9,0,6,0,25.4
195,24,28,4,5,2,29612,85822,7,6,13,2,0,2,1,16.3
196,38,39,1,3,4,116073,63266,8,10,4,6,0,8,0,33.2
197,30,34,4,1,1,55139,57656,5,6,14,4,4,8,1,17.1
198,35,31,4,1,3,29713,118192,2,1,10,2,1,4,0,12.1
199,38,26,12,5,5,129770,72562,4,7,5,3,3,7,0,21.7
200,35,39,4,6,4,19166,104371,4,4,8,2,4,2,0,12.0
201,32,31,1,3,4,47872,46387,8,9,10,10,3,10,1,27.7
202,35,40,5,2,3,40217,100094,3,6,3,4,2,2,0,16.4
203,32,25,7,8,4,127638,90174,3,10,12,7,1,8,0,21.6
204,25,26,1,5,4,32053,125445,6,1,15,3,1,7,1,16.2
205,34,36,2,6,4,146109,33922,2,10,0,4,2,1,1,23.0
206,35,39,4,7,5,47677,87066,2,5,11,9,0,8,0,24.2
207,34,24,10,3,3,26449,70947,5,6,2,8,0,4,0,20.4
208,32,40,8,6,2,54499,114871,4,4,1,10,2,9,1,22.9
209,40,38,2,2,3,94712,49923,10,5,3,3,3,1,1,22.4
210,25,28,3,2,3,82894,111807,7,8,4,10,2,7,1,25.8
211,35,23,12,1,4,90935,103056,6,8,15,6,4,1,0,15.5
212,32,23,9,8,4,75102,68314,4,8,8,6,2,6,0,19.5
213,39,36,3,5,1,30043,25051,8,1,3,3,3,8,0,24.0
214,25,30,5,2,3,42468,97798,6,5,2,6,1,1,1,17.8
215,30,28,2,6,1,42951,12142,4,8,2,3,4,4,1,25.3
216,24,34,10,2,4,36567,42008,7,2,3,2,2,6,1,18.0
217,25,33,8,2,2,35933,81534,10,1,5,8,2,4,0,21.5
218,35,27,8,1,1,54703,110624,2,10,12,6,3,6,0,17.4
219,28,29,1,1,2,92690,114101,1,5,6,9,4,9,0,22.3
220,22,28,6,7,4,47555,43599,8,10,2,9,0,6,1,25.7
221,25,33,8,6,3,63290,111972,8,2,0,10,0,1,1,21.1
222,33,37,4,4,5,126903,67518,7,2,4,5,0,5,0,26.0
223,37,27,10,2,5,103655,63213,10,2,9,7,1,1,0,18.6
224,35,40,5,0,3,64044,27655,1,3,0,3,3,6,1,19.2
225,26,32,6,2,3,48947,113112,1,6,13,5,4,2,1,13.6
226,23,36,13,7,5,112404,19266,8,10,5,6,1,5,0,21.6
227,39,24,15,3,5,18673,17772,1,4,1,8,2,7,0,20.3
228,22,38,16,6,2,102358,44540,7,6,8,2,4,6,0,25.2
229,37,22,15,2,2,30039,64550,2,8,9,5,2,2,1,15.6
230,39,30,9,3,4,114540,89554,8,4,7,3,0,7,0,20.7
231,28,38,10,5,1,105822,12191,7,5,3,4,4,4,1,19.8
232,25,29,4,1,1,78679,129609,9,7,11,8,0,10,0,24.6
233,37,25,12,6,1,34327,69014,3,4,9,5,2,7,1,16.8
234,23,27,4,2,5,46566,32369,2,3,14,8,2,7,0,17.6
235,38,32,6,3,4,98821,72731,5,2,2,3,2,10,0,23.5
236,25,23,2,3,3,121873,79300,1,5,8,3,0,7,1,22.5
237,38,38,0,3,1,139121,25357,3,2,0,1,1,3,0,17.3
238,23,39,16,4,1,23714,20450,4,8,4,2,2,2,0,12.1
239,35,22,13,2,5,131549,119699,7,8,0,7,3,3,1,23.7
240,29,35,6,2,1,82431,96840,5,8,13,9,3,1,0,19.0
241,29,33,4,2,4,70286,96233,9,4,0,7,2,8,1,24.8
242,31,33,2,4,2,24832,53795,10,4,0,5,0,8,1,28.1
243,39,28,11,2,1,82974,98096,4,5,1,4,4,7,1,28.3
244,26,26,0,3,5,101362,117671,6,10,0,6,4,10,0,28.2
245,39,27,12,7,5,99016,35010,8,1,2,1,1,10,0,25.2
246,31,40,9,3,2,107327,105970,3,6,1,1,1,10,0,22.7
247,24,37,13,5,1,115934,104345,7,10,3,6,2,6,0,28.7
248,34,36,2,5,2,111539,41260,10,3,12,5,2,3,0,18.7
249,21,39,18,6,5,26488,35865,10,6,7,10,0,8,0,23.3
250,32,31,1,2,1,106014,70540,1,5,6,4,0,6,1,18.6
251,24,21,3,0,4,132876,108021,7,3,13,8,3,6,1,21.9
252,39,28,11,2,4,37322,116752,1,5,0,6,2,2,0,17.9
253,31,26,5,6,2,37661,83702,2,6,15,1,3,3,1,14.9
254,27,27,0,6,5,87537,98585,5,5,7,2,0,7,1,23.0
255,25,22,3,5,1,130094,23485,5,10,15,4,0,1,0,17.0
256,23,36,13,1,3,122193,73727,8,5,2,9,3,3,1,22.8
257,33,32,1,2,4,29696,46510,8,8,8,4,2,10,0,28.3
258,24,23,1,5,5,126524,111150,10,4,1,7,4,7,1,31.6
259,39,28,11,7,3,38697,63747,1,9,4,2,3,3,0,22.8
260,25,22,3,6,1,132135,38465,3,10,8,6,0,2,1,18.6
261,38,33,5,8,3,90404,80116,8,1,13,2,3,3,0,13.8
262,24,24,0,1,3,108143,127067,7,5,12,8,4,10,1,23.8
263,22,26,4,4,4,55710,93034,10,7,1,7,2,4,0,24.9
264,32,21,11,5,3,99513,48745,8,2,7,3,2,8,1,14.4
265,29,34,5,1,2,133793,39707,7,8,11,1,4,3,0,17.1
266,25,37,12,0,2,68531,126711,4,1,7,1,3,1,1,13.0
267,27,29,2,5,4,122056,95284,2,1,7,6,3,10,1,23.9
268,39,38,1,5,3,60864,121792,5,2,9,1,3,1,0,19.8
269,39,27,12,3,2,72193,47269,7,9,0,1,3,3,0,20.3
270,29,40,11,4,3,129098,129372,7,6,14,5,1,8,1,21.5
271,37,40,3,6,5,44820,12963,9,6,9,5,0,8,0,23.8
272,31,29,2,4,3,67377,31651,9,4,1,10,3,6,0,27.4
273,21,36,15,4,3,127724,65031,7,1,6,6,1,9,1,23.1
274,37,30,7,2,5,65483,50506,2,8,4,5,4,3,1,17.9
275,23,28,5,5,2,98500,67112,6,6,8,10,2,8,0,19.1
276,39,39,0,1,4,68998,77598,2,7,9,7,0,3,0,19.3
277,27,31,4,6,5,137949,30772,6,3,2,8,2,3,1,21.6
278,29,27,2,2,5,59532,76169,2,3,13,7,3,7,1,17.9
279,33,21,12,0,5,70275,107768,6,1,10,9,1,1,0,10.9
280,32,30,2,2,1,118545,77973,10,5,5,2,0,5,1,20.0
281,35,37,2,8,3,131682,128388,3,6,15,6,1,3,1,21.0
282,25,27,2,0,5,62298,28143,6,1,12,5,4,10,0,19.4
283,40,22,18,1,1,30644,102406,2,7,14,7,0,9,1,15.1
284,21,30,9,6,1,88772,93631,10,3,13,2,4,10,0,21.9
285,30,24,6,1,4,70074,91823,4,5,6,6,3,5,0,21.5
286,27,36,9,5,2,18717,13671,2,2,15,3,0,9,0,13.5
287,24,29,5,3,4,95600,46619,8,1,3,3,0,5,1,19.0
288,24,24,0,0,1,54279,98947,3,6,11,8,4,5,0,16.0
289,32,31,1,2,1,123061,64461,8,5,12,8,3,3,0,22.3
290,26,24,2,6,5,144530,117154,10,8,5,10,3,6,0,32.5
291,25,36,11,7,1,125815,69761,1,2,8,6,0,9,0,21.0
292,31,37,6,8,5,42967,68734,4,8,11,7,1,9,0,24.5
293,21,26,5,8,4,147980,125956,3,2,15,6,1,6,1,19.0
294,33,33,0,3,1,138348,70220,10,8,2,8,3,6,0,29.1
295,36,21,15,1,4,126092,16696,9,9,0,2,4,10,1,29.7
296,35,31,4,5,1,76436,122666,8,6,15,6,3,2,0,16.6
297,28,21,7,5,3,94541,83786,9,6,3,1,1,8,0,25.3
298,34,24,10,4,5,69359,36581,2,7,6,8,1,6,0,16.2
299,34,22,12,1,4,137901,98305,10,9,4,8,0,9,0,24.6
300,39,36,3,8,2,63521,107747,3,2,12,10,4,6,1,20.5
301,34,40,6,3,3,122299,56939,5,8,4,3,3,10,1,28.5
302,31,38,7,3,2,72974,93810,5,6,4,3,4,9,1,21.5
303,24,32,8,8,4,127439,100374,9,5,13,1,4,2,0,17.8
304,22,27,5,4,2,93134,101573,5,3,1,5,1,9,0,22.5
305,32,35,3,1,5,76800,109309,9,7,7,9,2,1,1,17.8
306,31,38,7,0,1,83887,38619,10,8,7,6,4,9,0,30.2
307,27,30,3,7,2,37521,36507,3,9,3,7,0,7,1,23.1
308,39,29,10,0,3,140245,105020,3,1,4,6,4,1,1,13.5
309,36,39,3,8,3,37105,114764,6,9,7,3,4,2,0,20.4
310,23,32,9,3,2,105001,55393,6,5,6,10,4,8,0,24.9
311,24,32,8,7,2,81917,17226,6,7,3,7,2,9,1,29.1
312,32,37,5,8,4,145612,17747,5,4,10,9,0,2,0,19.2
313,38,38,0,0,1,73255,99862,4,7,3,4,4,7,0,23.3
314,35,31,4,0,1,37201,19113,3,5,2,10,1,5,1,17.7
315,33,35,2,6,4,100943,14213,7,2,0,10,0,10,0,26.8
316,37,24,13,4,3,40676,48899,8,7,12,1,3,3,0,15.4
317,25,33,8,8,3,55768,51066,6,1,4,2,0,1,1,8.5
318,30,27,3,5,2,126174,96663,9,3,5,3,1,10,1,23.6
319,27,24,3,2,5,32257,123593,9,8,2,5,0,5,0,25.2
320,31,32,1,2,2,44226,49373,10,2,6,6,3,8,1,26.6
321,40,30,10,2,5,113549,117866,6,7,5,1,2,4,0,18.9
322,29,32,3,2,3,143817,72666,8,6,9,8,4,2,0,17.4
323,40,23,17,4,2,69493,46502,2,2,0,9,0,10,1,20.2
324,22,38,16,4,5,141759,97709,3,6,12,4,4,5,0,15.2
325,35,37,2,8,1,122014,59692,9,1,7,10,1,9,0,24.3
326,39,25,14,7,3,28595,40681,8,4,2,5,2,4,0,20.2
327,27,37,10,5,4,141122,71591,1,1,10,2,4,5,1,11.5
328,33,33,0,5,5,38404,79720,5,7,7,9,3,6,1,24.3
329,36,36,0,0,5,54429,69658,3,4,2,9,2,4,0,21.4
330,24,28,4,6,3,47711,75113,8,8,6,10,1,7,0,28.6
331,28,22,6,2,5,60239,29658,9,1,4,1,1,5,0,14.1
332,39,21,18,4,1,74778,70877,10,8,15,3,1,7,0,18.9
333,39,26,13,8,3,61967,106920,6,8,2,4,3,7,0,26.4
334,37,34,3,2,5,43244,35255,8,10,1,9,4,2,0,27.1
335,36,25,11,8,1,131114,80425,7,6,1,9,3,4,1,25.2
336,39,39,0,1,4,53096,45360,8,4,2,5,4,9,1,24.6
337,29,27,2,0,1,48888,80126,1,7,6,6,3,6,0,20.5
338,29,29,0,8,4,113851,92200,5,7,6,7,4,9,1,32.0
339,26,32,6,8,5,144814,45263,5,10,11,7,1,2,0,18.0
340,26,24,2,3,5,123004,115033,6,9,1,3,3,1,0,23.0
341,25,36,11,6,1,34798,46483,4,6,2,10,0,7,1,20.0
342,40,22,18,2,4,133073,13403,4,9,9,4,0,10,0,18.7
343,40,26,14,0,3,80719,97854,1,3,2,5,3,6,1,15.0
344,21,23,2,1,5,92578,107176,9,10,11,6,2,4,0,24.2
345,35,33,2,0,3,63884,65363,9,2,2,9,2,6,0,24.8
346,38,39,1,4,4,116849,85815,8,4,10,8,3,10,0,21.3
347,36,24,12,4,1,118315,95055,4,4,10,7,2,9,0,18.9
348,30,23,7,6,3,37930,84686,3,8,10,6,1,10,1,21.6
349,26,27,1,7,2,79567,108394,4,5,6,4,1,4,1,20.4
350,23,36,13,0,5,29079,123150,8,6,10,8,4,5,1,21.8
351,26,37,11,4,4,76220,110326,10,3,1,9,3,8,0,23.6
352,26,35,9,1,5,138604,53373,1,1,6,7,4,2,1,13.8
353,32,40,8,4,2,86904,43082,5,8,10,6,1,8,1,24.0
354,32,32,0,6,3,136155,35578,10,3,7,2,2,4,1,25.6
355,33,27,6,2,2,141990,117600,1,3,13,8,1,9,1,18.5
356,38,39,1,0,4,43945,102510,3,1,6,5,3,2,1,13.4
357,31,29,2,5,3,85558,57107,1,7,3,6,4,4,0,22.9
358,31,37,6,7,4,38554,61947,10,5,14,3,1,6,1,21.4
359,40,39,1,6,1,38738,33233,6,4,10,6,2,5,1,20.3
360,32,39,7,8,4,126524,33930,3,1,4,4,2,2,0,18.7
361,26,33,7,1,1,34722,127171,8,9,1,1,3,9,0,28.1
362,23,33,10,4,2,82853,108677,5,8,4,3,4,3,0,21.6
363,22,32,10,5,4,140471,126150,9,5,14,3,4,3,1,16.4
364,39,34,5,8,5,99175,57504,8,9,7,2,3,5,1,23.8
365,34,29,5,2,3,20767,12012,9,3,11,5,3,9,0,19.1
366,36,30,6,0,4,94787,90250,4,1,11,4,3,9,1,15.4
367,33,28,5,2,4,117184,40913,5,2,13,4,4,10,1,19.4
368,29,34,5,3,1,65816,29907,5,2,14,10,3,5,1,21.0
369,27,31,4,0,2,31010,82119,1,3,3,5,2,3,1,14.0
370,25,21,4,7,2,107630,67082,5,8,11,8,0,6,0,20.1
371,25,22,3,4,4,36713,83197,8,3,6,5,3,1,0,21.2
372,33,35,2,3,1,70213,72402,2,9,6,8,3,5,1,22.1
373,26,22,4,8,5,50018,45202,8,5,6,6,0,4,0,21.6
374,21,26,5,4,5,49365,63879,4,1,1,10,3,10,0,26.2
375,32,23,9,3,2,149050,23980,10,6,1,1,2,3,0,21.3
376,38,32,6,7,2,23597,102341,7,6,4,5,0,8,1,26.4
377,38,30,8,8,4,67748,86278,3,9,11,6,3,5,0,23.5
378,30,29,1,8,3,137034,12094,9,7,5,1,4,6,0,26.3
379,31,23,8,8,4,67773,80690,8,9,4,10,2,6,1,27.6
380,37,23,14,0,2,64829,126490,1,4,3,8,1,2,0,12.0
381,39,33,6,7,5,85092,18433,6,4,2,1,1,8,0,19.5
382,32,38,6,6,3,33283,119956,10,5,1,2,2,2,0,22.4
383,37,24,13,1,2,119012,36832,4,9,7,10,1,9,1,23.6
384,39,32,7,7,4,45289,33864,3,9,12,9,2,3,1,16.6
385,32,31,1,8,3,115444,66046,7,6,7,10,4,4,1,26.7
386,29,32,3,7,4,122094,12025,1,5,0,9,1,5,0,16.3
387,30,28,2,3,3,23688,113125,5,9,4,2,0,8,1,25.1
388,39,28,11,3,3,96722,24046,10,7,6,2,2,8,0,25.2
389,36,39,3,1,5,96746,16898,10,7,2,1,2,6,1,21.0
390,28,40,12,0,4,32189,51948,9,1,10,9,4,3,1,19.2
391,37,28,9,2,1,120991,70407,10,10,2,4,3,5,1,27.3
392,36,39,3,0,5,122645,46413,2,7,13,3,1,8,0,21.1
393,36,33,3,3,5,82551,43760,2,5,13,6,4,2,0,14.7
394,32,27,5,5,3,24345,112883,5,3,11,10,3,10,0,20.8
395,35,22,13,3,2,115994,32446,2,2,1,4,4,3,1,18.4
396,24,30,6,7,4,23963,55499,4,9,6,4,4,9,1,26.1
397,38,36,2,2,1,116725,88415,9,1,8,3,0,5,0,18.7
398,22,35,13,0,1,119880,98556,5,6,3,1,2,7,0,14.6
399,33,37,4,1,3,145051,125609,10,9,2,3,1,9,1,25.6
400,22,28,6,8,3,105443,76216,7,3,0,6,2,6,1,22.3
401,28,37,9,4,1,85549,127169,7,1,8,4,1,6,1,17.1
402,33,37,4,3,4,81009,87090,3,7,9,10,2,8,0,23.1
403,27,25,2,8,2,54204,52501,9,3,13,3,4,3,1,21.4
404,24,26,2,5,2,25728,112327,6,7,13,5,3,5,0,21.2
405,27,24,3,2,2,24867,111935,10,10,8,10,4,10,0,28.6
406,21,32,11,1,4,53150,77840,10,8,11,3,3,8,1,22.0
407,25,26,1,3,2,26448,65554,1,5,13,4,1,4,0,15.9
408,35,40,5,7,3,137942,128337,4,7,12,1,4,7,1,28.4
409,33,40,7,8,5,28095,80242,2,8,14,1,1,9,1,22.3
410,33,37,4,0,2,94330,69613,7,5,9,8,1,7,1,21.9
411,40,22,18,8,2,139524,120775,8,2,3,3,4,9,0,20.8
412,21,26,5,7,5,70935,127677,8,2,8,6,1,2,0,19.4
413,24,35,11,5,1,118686,107272,9,10,5,7,4,7,0,28.0
414,39,25,14,2,2,64888,112814,1,7,9,5,3,5,0,10.5
415,24,25,1,3,1,84351,13600,8,8,15,9,0,10,1,24.9
416,36,35,1,6,4,38815,90802,10,1,7,9,2,10,0,30.4
417,22,26,4,2,1,109493,16813,3,1,9,6,0,1,0,8.6
418,30,40,10,8,2,137364,110216,10,6,1,2,2,6,1,26.9
419,33,23,10,6,5,35019,50382,8,3,3,5,2,9,1,20.1
420,40,22,18,1,5,40982,75394,10,5,13,10,2,5,1,19.0
421,25,40,15,7,5,148479,76553,3,10,7,5,1,1,0,22.2
422,24,27,3,6,4,29925,55750,6,9,6,1,1,5,1,22.5
423,23,30,7,4,5,102914,112536,1,2,10,6,3,10,0,19.9
424,31,36,5,7,1,53587,75110,3,8,10,8,3,1,1,17.7
425,39,31,8,8,5,22906,39297,10,6,11,2,1,5,0,20.0
426,38,26,12,6,2,48630,125324,5,6,1,5,3,2,1,22.0
427,28,32,4,7,3,74659,80825,5,3,3,6,0,4,0,18.9
428,36,37,1,2,2,107159,75369,9,5,10,3,0,9,0,23.4
429,27,22,5,7,4,48365,12538,5,1,2,6,3,1,0,12.0
430,30,21,9,4,2,102116,38287,4,5,8,9,2,8,0,20.1
431,29,25,4,2,3,48005,13999,10,9,3,4,4,6,1,24.9
432,30,39,9,3,2,36675,52812,10,6,14,1,1,1,1,21.2
433,22,24,2,6,1,40575,67897,7,3,14,10,2,5,1,21.0
434,38,23,15,7,5,52549,24178,8,2,14,5,3,8,0,15.1
435,28,25,3,4,3,120780,36032,6,6,14,8,0,2,1,19.6
436,26,30,4,5,5,51395,78577,2,7,3,6,4,2,1,22.2
437,38,35,3,6,5,126381,43270,10,4,5,8,3,2,1,25.5
438,34,34,0,5,5,79906,34686,2,10,15,2,4,10,1,28.6
439,31,38,7,1,4,64182,52374,7,2,3,10,3,6,1,21.7
440,27,25,2,0,2,57116,71372,9,5,12,10,4,8,0,22.5
441,27,31,4,4,5,97835,68980,6,2,0,10,4,7,0,25.3
442,38,22,16,0,5,112173,26378,5,1,7,7,4,7,1,16.5
443,33,33,0,6,4,73369,98833,3,8,4,4,4,7,1,26.9
444,25,25,0,0,1,22117,30873,8,7,4,2,1,7,1,19.9
445,40,34,6,2,4,129181,84358,8,7,11,4,1,7,0,18.5
446,28,37,9,4,4,114198,16385,1,10,15,6,0,10,1,19.6
447,23,25,2,8,3,139880,79757,2,9,2,4,3,2,1,17.9
448,38,21,17,7,4,141006,87230,6,7,11,5,2,3,0,14.6
449,40,30,10,4,1,142036,87778,3,10,1,5,4,1,1,19.8
450,23,29,6,4,2,91655,48073,5,1,3,10,1,10,0,22.2
451,35,32,3,2,3,79917,75559,3,9,1,6,0,3,0,23.1
452,34,33,1,3,4,61852,39637,10,6,1,5,0,1,0,18.0
453,35,33,2,7,3,142850,109799,9,4,12,7,3,5,0,20.8
454,30,35,5,6,3,28752,24761,9,6,13,10,2,6,1,23.0
455,29,24,5,4,5,120538,72438,4,10,6,9,2,3,1,19.8
456,23,21,2,6,1,45238,101849,8,6,7,5,2,4,0,20.0
457,21,40,19,1,1,74839,90562,2,2,2,10,1,7,0,18.9
458,29,30,1,7,1,136867,48226,7,6,8,3,0,5,0,18.6
459,33,33,0,5,1,85695,118535,5,3,14,2,3,4,1,18.1
460,25,38,13,6,2,45852,69878,5,2,1,2,0,10,1,23.1
461,35,21,14,7,2,18227,16959,7,5,4,6,3,10,0,16.9
462,36,36,0,6,4,36376,82795,4,1,12,8,0,10,1,21.5
463,31,30,1,6,1,41767,59887,9,6,2,8,2,4,0,18.3
464,27,30,3,6,1,112178,75766,2,8,6,3,0,4,0,16.3
465,39,28,11,7,4,34513,115905,9,5,15,9,3,1,0,17.5
466,22,33,11,1,2,138159,100877,9,3,7,2,0,3,1,17.3
467,21,36,15,0,2,52219,13882,3,1,9,2,3,10,0,13.8
468,24,24,0,7,5,75821,20271,4,7,10,7,2,2,0,18.6
469,31,27,4,0,5,63468,55975,2,2,8,3,3,3,1,10.8
470,39,22,17,2,1,116600,113929,3,1,15,2,0,1,0,4.8
471,23,39,16,4,4,142783,102748,3,4,4,5,4,8,1,21.0
472,22,40,18,2,4,41074,94207,5,6,13,1,4,4,0,15.5
473,24,37,13,1,5,112870,125079,9,9,7,8,1,5,0,25.1
474,36,36,0,2,2,29302,19081,6,5,6,7,2,6,1,25.9
475,22,24,2,0,5,64107,32715,1,8,3,2,1,8,1,16.8
476,31,28,3,1,3,77711,24853,4,7,6,7,1,2,1,20.0
477,39,36,3,0,4,55995,40333,10,8,5,7,2,3,1,23.5
478,29,27,2,5,2,26413,102729,10,1,8,3,0,8,1,17.5
479,34,26,8,5,2,95374,91119,3,10,5,10,4,4,0,21.0
480,27,39,12,7,4,91182,13901,7,4,7,6,3,10,0,25.8
481,39,25,14,0,4,29593,17250,8,9,1,7,4,7,1,26.2
482,24,35,11,7,2,39781,85202,1,7,6,3,2,5,0,13.8
483,23,21,2,7,3,60415,104183,8,10,0,8,3,3,1,30.0
484,35,21,14,1,4,105269,81588,1,5,13,5,4,9,0,21.4
485,23,40,17,5,1,113417,128389,1,2,12,6,3,10,0,15.4
486,38,23,15,8,2,54282,55899,4,9,3,8,4,4,0,23.6
487,31,32,1,4,5,128868,48325,1,2,11,6,3,8,0,15.9
488,38,30,8,7,5,114507,116844,2,4,14,2,0,7,0,17.6
489,30,23,7,1,2,90336,26683,3,8,4,4,4,1,1,13.4
490,25,36,11,5,4,134355,108693,1,5,6,2,0,4,1,17.6
491,34,39,5,5,3,145440,89772,9,9,14,8,2,10,0,30.5
492,29,28,1,7,3,93535,112892,1,3,11,5,3,3,0,14.5
493,38,30,8,2,2,58235,33135,4,2,1,6,4,3,1,17.0
494,38,22,16,5,3,56782,60878,8,9,5,9,2,2,0,22.9
495,33,36,3,2,4,101943,32454,1,9,10,5,3,5,0,21.0
496,35,31,4,1,4,28506,30274,9,2,9,1,3,10,0,16.7
497,35,32,3,1,3,32426,91711,4,10,7,5,1,1,0,15.7
498,23,37,14,6,2,146572,53649,10,10,1,6,3,3,1,25.2
499,32,33,1,5,1,92619,57209,6,5,14,9,0,4,1,19.3
500,35,30,5,2,4,126578,30293,10,10,2,3,1,5,1,23.8
501,37,31,6,1,5,116506,23593,1,7,8,7,1,9,1,20.9
502,25,27,2,2,4,93881,84596,8,1,9,10,2,8,1,18.4
503,28,21,7,0,2,86859,51343,8,2,9,7,1,8,0,22.6
504,36,23,13,5,5,143956,86130,7,5,15,2,2,9,0,20.8
505,29,26,3,0,2,101802,72429,3,6,5,1,2,6,1,14.0
506,22,30,8,4,5,38139,79353,4,3,3,10,1,9,1,18.3
507,31,30,1,4,3,43122,82047,10,6,4,1,1,9,1,24.2
508,31,26,5,1,2,58515,77979,4,4,3,7,3,2,0,18.6
509,25,21,4,7,3,99677,102577,6,3,14,10,4,6,0,20.8
510,24,28,4,2,2,77395,52295,3,4,4,2,3,2,0,13.6
511,21,36,15,6,1,69472,26131,1,9,1,8,0,5,0,22.7
512,24,24,0,3,5,70435,36219,6,1,2,3,2,10,1,24.2
513,32,26,6,8,5,81392,78179,10,2,3,10,0,9,0,25.8
514,26,38,12,0,1,74102,78085,8,6,5,8,0,3,1,12.3
515,33,34,1,3,5,77651,65422,2,6,3,8,0,9,0,22.0
516,30,38,8,0,1,104013,76711,2,7,9,8,4,5,1,19.1
517,28,38,10,6,3,130187,36744,2,8,11,3,0,8,0,17.3
518,23,24,1,2,4,123021,103099,10,2,5,2,2,4,1,21.8
519,27,40,13,6,1,79045,121852,7,8,8,10,4,5,1,22.3
520,33,36,3,8,3,56633,112663,8,2,3,5,3,8,0,28.3
521,25,21,4,1,1,35885,77291,1,3,12,10,2,3,1,12.2
522,23,37,14,7,4,70935,50477,8,8,8,9,2,9,0,25.7
523,22,34,12,1,4,135995,53229,7,8,14,1,0,3,1,16.6
524,34,25,9,4,4,145783,112140,2,10,15,9,4,10,1,24.4
525,36,38,2,2,5,32611,63299,5,8,12,10,2,5,1,26.3
526,25,32,7,5,5,25051,112295,6,7,3,7,2,6,1,26.0
527,32,22,10,3,2,79504,96945,5,10,2,2,2,2,1,21.1
528,22,35,13,6,5,128407,46946,1,8,0,6,3,10,1,28.6
529,31,39,8,1,4,44229,102552,4,6,15,9,2,3,1,15.3
530,36,23,13,8,2,93328,46754,1,5,12,4,4,2,0,15.3
531,39,31,8,4,1,142588,67981,4,6,2,5,4,5,1,20.9
532,34,33,1,4,5,136811,100022,9,3,0,9,1,10,1,28.2
533,27,35,8,4,5,131698,86202,1,9,6,6,3,3,0,22.1
534,30,34,4,6,3,34889,95090,4,7,8,5,1,5,0,23.6
535,33,28,5,1,2,68309,15631,4,5,14,8,4,7,1,18.4
536,26,29,3,2,1,85737,115503,5,9,5,1,3,1,0,17.2
537,23,31,8,4,1,124694,129541,6,2,12,3,1,2,0,7.8
538,37,29,8,7,1,80410,90619,2,6,10,10,3,4,1,19.3
539,27,25,2,1,2,74127,47985,8,7,8,10,0,8,1,24.2
540,38,34,4,7,2,90806,127269,3,6,15,6,2,1,0,15.1
541,22,28,6,4,5,118844,52536,6,2,7,8,3,1,1,22.0
542,30,23,7,3,3,73151,124645,3,8,10,7,0,5,0,16.2
543,36,36,0,6,3,128720,126918,2,3,8,9,0,6,1,17.7
544,31,35,4,0,1,66166,94595,8,3,0,7,1,5,1,18.6
545,39,23,16,1,2,83432,79681,3,10,13,6,3,8,0,19.3
546,31,30,1,3,1,126657,60182,3,7,12,10,1,1,0,20.6
547,38,40,2,3,1,139221,37987,5,3,1,7,4,7,1,28.0
548,26,39,13,1,1,132074,113365,8,8,3,4,1,4,1,26.0
549,30,36,6,6,2,131064,124241,4,10,6,5,1,7,0,23.6
550,30,29,1,3,5,136220,44547,6,10,14,2,0,8,0,23.8
551,31,33,2,3,4,128963,108482,10,5,2,2,4,1,0,20.7
552,32,40,8,0,1,84494,78131,10,7,9,7,2,3,0,22.0
553,39,26,13,4,2,147195,56456,8,3,2,6,4,7,0,22.4
554,25,36,11,4,3,130744,49083,5,10,8,9,2,7,0,26.6
555,31,36,5,2,5,133340,18975,4,3,1,4,1,1,1,16.3
556,34,24,10,7,1,133741,58729,9,8,14,8,0,3,0,24.0
557,32,23,9,3,3,65357,121439,3,9,8,10,4,4,0,18.0
558,34,23,11,3,4,42721,128309,6,1,9,2,3,6,0,15.1
559,31,25,6,0,1,138647,120881,8,8,8,10,0,6,0,19.4
560,31,39,8,2,2,30761,117061,5,6,1,2,4,10,1,19.7
561,23,33,10,4,2,80935,113040,7,2,0,4,1,7,1,19.8
562,25,24,1,4,4,131340,108454,5,10,4,6,0,6,0,29.1
563,36,35,1,6,4,88380,85801,10,7,2,7,2,10,0,29.6
564,22,37,15,5,4,76780,96883,3,8,2,5,3,7,0,23.4
565,36,30,6,2,2,96750,122302,4,9,13,5,4,1,0,19.7
566,37,34,3,6,1,139806,98619,10,5,11,5,4,2,0,19.8
567,24,35,11,2,2,121011,17932,2,7,9,6,4,8,1,18.7
568,26,27,1,2,1,85978,126244,2,7,0,1,3,2,0,15.9
569,26,36,10,7,4,145591,51688,10,10,11,7,2,2,0,24.7
570,21,27,6,0,2,144121,97016,3,4,13,9,1,2,1,14.7
571,35,25,10,7,4,23719,27264,3,3,14,8,3,1,1,11.7
572,39,33,6,0,3,20064,25456,7,7,15,10,4,9,1,22.5
573,22,36,14,6,4,145900,42396,1,9,0,7,4,6,0,22.9
574,36,24,12,7,5,108902,70762,7,1,5,5,1,8,1,25.1
575,35,28,7,8,2,106906,90918,8,3,9,7,3,6,1,24.3
576,40,27,13,4,1,144586,28920,3,4,5,10,3,2,1,12.5
577,36,30,6,3,2,30333,14376,6,5,11,3,1,9,0,19.7
578,24,40,16,3,1,76745,75748,5,6,11,1,4,5,0,13.3
579,37,40,3,1,1,132773,116724,8,2,3,10,4,2,0,19.3
580,24,27,3,5,2,94578,104820,8,9,15,2,1,6,1,21.6
581,25,24,1,3,4,126986,112823,1,4,15,6,2,9,0,20.5
582,34,32,2,3,2,128551,115181,4,3,13,7,3,8,1,22.0
583,21,35,14,2,1,36240,23112,6,6,12,3,3,1,1,12.3
584,25,39,14,0,5,95522,66959,7,9,9,6,2,1,1,14.6
585,37,40,3,2,4,134965,96394,4,9,14,6,3,4,1,24.3
586,33,25,8,8,5,92429,40014,2,9,9,9,2,3,0,22.4
587,21,38,17,4,2,97676,107225,7,9,3,1,2,5,1,24.1
588,24,35,11,4,5,19366,71394,6,4,7,6,2,5,0,21.4
589,33,37,4,3,1,103943,79692,10,4,11,8,0,3,1,20.5
590,22,34,12,2,4,74304,70479,2,6,12,10,4,9,1,20.1
591,29,39,10,7,4,133364,102310,8,7,5,3,4,3,1,23.1
592,37,37,0,1,2,137388,74043,1,3,11,2,4,7,0,15.6
593,24,32,8,4,1,58187,27432,6,5,11,5,2,8,0,19.4
594,39,34,5,0,3,92313,40256,3,8,0,2,4,6,0,20.6
595,22,34,12,7,5,99186,86155,8,6,12,8,4,3,0,18.1
596,35,35,0,2,3,41413,116832,10,10,13,7,1,7,1,27.1
597,38,22,16,7,3,41207,125502,3,1,9,9,0,9,0,19.1
598,39,22,17,8,2,142737,77881,1,2,5,1,2,4,0,16.2
599,39,35,4,1,5,101999,64664,10,1,15,1,2,7,0,13.9
600,31,33,2,4,1,48053,25019,9,3,9,3,1,5,0,20.6
601,25,30,5,6,2,33443,92540,6,3,0,1,2,7,0,19.6
602,31,29,2,6,1,31599,38549,4,10,7,8,4,9,1,29.6
603,24,29,5,0,3,139850,84498,7,2,15,1,3,4,0,12.5
604,24,28,4,8,2,97852,86481,7,8,2,9,1,3,1,31.5
605,38,26,12,3,5,129084,84764,8,1,0,8,4,5,0,27.6
606,36,29,7,4,4,110122,122420,4,10,9,1,1,9,0,23.6
607,30,23,7,6,1,54608,107036,9,5,13,4,4,9,1,27.8
608,29,35,6,4,2,102315,56778,4,8,10,1,1,1,1,11.7
609,21,21,0,2,4,146182,111937,7,9,2,2,4,1,1,21.4
610,33,40,7,5,4,64448,121988,1,2,14,6,1,8,0,14.8
611,28,21,7,4,3,68203,23792,10,5,7,4,3,6,0,20.3
612,40,27,13,0,2,121831,26541,5,10,15,3,4,4,0,22.1
613,23,39,16,2,1,51405,46029,10,4,8,4,0,9,1,17.7
614,21,34,13,0,3,131389,122669,7,5,3,9,3,8,1,18.9
615,37,22,15,3,1,90858,67058,9,8,10,1,3,4,1,21.5
616,21,28,7,6,1,83531,37805,3,6,9,2,0,1,1,14.7
617,34,21,13,5,3,82789,26134,8,4,10,1,2,9,0,23.3
618,40,35,5,1,4,50722,23211,1,1,12,6,0,3,0,9.2
619,35,22,13,4,5,131204,20623,2,1,1,5,3,7,0,15.7
620,40,40,0,0,4,118642,72844,7,10,3,6,0,8,1,27.1
621,39,27,12,1,1,21221,90010,2,10,6,10,1,9,1,21.5
622,40,35,5,2,2,54090,116467,1,1,4,5,4,7,1,20.6
623,30,39,9,8,2,56642,73541,5,10,10,5,2,1,0,22.3
624,38,22,16,6,3,69224,38263,4,2,10,4,3,8,1,18.1
625,39,39,0,5,5,96546,66879,6,3,3,8,0,8,0,28.7
626,28,35,7,3,2,144024,108283,6,7,6,7,1,1,1,17.6
627,21,23,2,5,1,48196,30664,5,8,6,10,2,1,0,20.1
628,28,29,1,2,3,82478,35401,4,1,5,5,0,1,0,14.7
629,33,24,9,5,2,97972,71795,4,6,11,3,4,10,1,22.7
630,25,25,0,3,2,117141,103010,6,6,13,4,0,10,0,21.3
631,38,30,8,2,3,82794,18980,5,3,15,4,0,8,0,17.1
632,37,32,5,7,5,139704,35461,6,6,15,8,3,5,1,24.9
633,39,22,17,3,2,71215,71255,4,7,6,5,3,7,0,21.5
634,38,23,15,2,1,95345,70262,9,6,7,10,0,8,1,22.1
635,34,35,1,7,4,125204,60170,8,6,8,7,0,3,1,23.9
636,32,23,9,4,5,38488,115005,5,4,3,2,0,6,0,22.0
637,38,27,11,5,2,104308,44771,5,5,6,10,1,9,1,26.0
638,32,33,1,6,5,21117,73866,9,3,12,4,1,4,1,20.1
639,28,37,9,8,4,138953,56650,2,6,6,7,3,4,1,18.1
640,32,25,7,2,3,20537,77509,6,6,7,7,3,7,1,23.0
641,31,39,8,0,5,26443,30236,3,6,12,7,1,7,0,15.9
642,24,31,7,7,3,42442,34468,2,9,5,1,4,8,0,21.7
643,26,27,1,1,4,92401,38986,4,5,2,8,0,6,0,23.2
644,34,33,1,2,1,51852,82313,7,8,2,7,1,3,0,26.9
645,30,34,4,7,2,99346,89003,4,9,14,5,1,1,0,13.3
646,40,28,12,8,3,146701,72319,8,10,1,2,2,8,1,30.3
647,30,33,3,2,4,83309,35537,10,7,14,7,1,10,0,20.8
648,28,26,2,4,5,94517,99380,2,4,15,7,4,2,1,19.6
649,23,24,1,8,3,125504,71105,3,5,6,9,0,8,0,27.0
650,35,33,2,5,4,68961,63992,1,1,8,2,1,6,1,17.6
651,36,35,1,1,1,81515,105530,8,3,15,5,1,3,0,14.6
652,24,38,14,6,2,38338,100000,1,5,4,8,2,3,0,15.3
653,22,38,16,3,4,30518,121641,9,2,12,5,3,1,0,15.7
654,27,28,1,5,2,70425,23978,1,7,0,1,2,4,0,19.1
655,28,24,4,2,2,29537,66484,9,2,10,6,4,4,0,19.6
656,34,24,10,3,2,45757,58737,6,3,0,7,2,1,1,15.8
657,27,35,8,3,1,90995,97189,10,6,1,2,1,7,1,24.4
658,24,38,14,2,3,42836,90625,6,7,4,6,1,6,1,18.1
659,23,31,8,0,5,135679,62118,9,4,0,4,0,10,0,22.8
660,28,40,12,1,1,54059,61089,8,5,6,3,3,4,0,21.2
661,28,40,12,7,3,53197,48454,6,1,13,5,0,4,1,13.6
662,22,28,6,3,5,118004,80350,6,3,14,1,0,8,0,18.1
663,27,22,5,2,2,50915,24027,3,10,6,4,4,2,1,17.8
664,27,28,1,6,2,83265,51728,5,10,14,4,2,8,0,21.3
665,32,33,1,6,2,141394,69852,7,9,13,3,3,1,1,19.7
666,30,40,10,8,2,64058,45723,7,8,9,8,2,7,1,25.9
667,23,31,8,2,4,69305,32280,4,1,0,9,2,8,1,26.0
668,32,33,1,7,3,36673,65580,1,2,12,10,1,4,1,14.2
669,29,32,3,8,4,114516,103285,1,7,13,4,1,8,0,23.1
670,21,25,4,4,5,137398,101268,3,5,7,10,4,3,0,18.9
671,24,23,1,6,4,39062,79965,4,7,5,7,2,5,1,19.5
672,23,24,1,5,2,88522,110137,4,7,9,1,1,8,0,18.6
673,24,23,1,6,5,127272,97789,5,7,5,3,2,3,0,21.6
674,24,35,11,3,2,70675,19730,3,4,8,7,3,10,0,21.2
675,26,23,3,4,1,117019,28342,5,2,10,1,4,4,1,10.8
676,21,22,1,4,1,28973,24693,4,9,0,7,4,9,1,27.2
677,36,36,0,5,5,130578,56112,6,6,10,4,2,7,1,19.3
678,31,24,7,0,4,123331,107056,3,1,3,9,2,4,1,12.5
679,35,40,5,7,5,126298,98537,4,1,10,1,2,1,1,13.9
680,36,33,3,1,3,130175,74406,2,7,9,10,1,3,0,17.1
681,25,36,11,1,3,140369,34027,8,2,15,9,1,4,0,18.1
682,23,24,1,6,1,60004,54795,7,5,7,5,3,2,0,23.9
683,38,36,2,1,3,76669,87493,10,2,10,7,3,9,1,25.2
684,24,30,6,1,1,41367,56595,10,4,3,10,2,3,1,19.1
685,33,39,6,0,3,34222,89340,9,4,12,7,2,6,0,16.6
686,28,24,4,6,1,138744,53409,3,5,7,8,3,3,1,18.6
687,25,22,3,5,3,149695,102256,2,5,15,4,3,5,1,21.2
688,25,27,2,3,1,64929,124299,8,7,9,3,0,9,1,25.1
689,31,34,3,7,3,120593,63257,2,9,9,5,1,9,1,26.9
690,39,22,17,4,4,60911,87649,3,8,15,5,1,4,0,16.2
691,27,21,6,5,5,44725,100908,3,7,13,3,0,2,1,16.6
692,22,24,2,8,3,131723,31473,7,4,1,2,1,7,1,23.5
693,30,40,10,2,4,41491,113938,8,7,8,8,2,1,0,20.4
694,37,28,9,0,5,143697,47877,2,10,5,7,3,7,1,24.6
695,39,25,14,1,3,34645,105555,9,3,12,1,3,9,1,23.2
696,38,24,14,3,1,65360,124984,10,3,0,9,3,6,0,24.9
697,22,25,3,3,2,41021,85727,5,1,2,2,4,5,1,19.0
698,21,28,7,4,1,94912,98397,9,8,4,10,3,6,1,26.3
699,40,38,2,8,2,43954,98850,1,4,1,4,1,5,0,23.6
700,27,39,12,5,3,51683,107565,10,7,2,9,2,5,1,25.4
701,26,33,7,7,1,84631,100673,7,3,6,2,2,4,1,15.3
702,37,40,3,2,4,58236,53465,7,7,0,10,1,2,1,22.8
703,24,38,14,1,5,124635,20645,6,2,11,6,2,3,0,13.5
704,28,33,5,1,1,64066,81006,5,10,15,2,4,6,1,21.0
705,38,29,9,1,1,62760,53680,7,3,11,9,4,10,1,21.0
706,21,37,16,2,2,55400,61650,10,5,1,6,1,10,1,24.8
707,35,26,9,7,3,140857,77828,5,5,13,9,1,5,0,22.0
708,31,23,8,1,1,80924,24272,3,10,1,2,2,9,1,22.0
709,21,34,13,8,2,143738,77248,9,9,3,7,0,10,0,32.3
710,34,38,4,5,2,29103,91609,8,3,7,3,0,6,0,17.7
711,37,32,5,0,4,147894,61688,3,6,3,6,1,9,0,22.3
712,29,27,2,0,5,121185,40503,5,9,1,8,4,8,0,30.2
713,32,21,11,7,3,96210,58385,2,1,11,3,3,6,0,16.3
714,23,37,14,8,2,125667,28232,8,1,4,5,1,8,1,22.9
715,32,30,2,5,4,65757,82310,5,2,14,8,1,3,1,16.7
716,27,24,3,3,3,28552,29521,7,7,10,1,1,4,1,17.2
717,29,24,5,6,4,147910,116834,3,6,12,9,3,3,0,23.4
718,25,25,0,5,5,21577,112582,4,1,10,7,4,1,1,14.5
719,36,30,6,4,4,39656,111732,7,4,4,9,1,4,1,22.6
720,28,34,6,3,4,45017,103900,9,10,5,4,4,3,0,19.2
721,24,25,1,6,1,89791,37189,3,7,0,10,1,2,0,18.6
722,28,28,0,5,4,143618,20041,9,7,1,5,0,5,1,28.1
723,29,32,3,6,2,101844,129323,1,3,1,1,0,6,0,17.2
724,40,24,16,6,2,84129,76393,6,6,9,2,0,1,0,15.8
725,31,32,1,5,5,115410,43228,5,4,12,2,0,3,0,22.5
726,27,27,0,7,1,37629,83641,10,6,9,8,1,9,0,28.5
727,22,25,3,3,4,84198,128862,9,6,11,8,0,7,0,20.2
728,37,21,16,2,5,89866,103318,3,5,1,10,0,4,1,19.1
729,36,38,2,8,1,61389,69376,9,7,12,7,4,5,0,25.6
730,27,39,12,0,5,137391,78036,9,5,9,4,2,5,0,20.7
731,26,28,2,0,5,80447,50252,1,3,8,3,2,1,0,13.0
732,24,21,3,5,5,114760,54540,2,9,8,3,3,10,1,24.9
733,31,22,9,0,3,75482,107745,5,3,8,1,4,10,0,17.9
734,29,40,11,8,2,133916,40919,6,5,6,10,3,3,1,18.4
735,28,34,6,5,2,143568,24280,8,3,14,3,1,4,1,18.2
736,30,21,9,4,2,64591,119151,7,10,6,2,1,2,1,19.1
737,28,35,7,6,1,53990,107258,1,10,3,7,3,1,0,21.6
738,22,25,3,3,1,88164,30695,10,1,0,2,4,6,0,16.8
739,27,25,2,7,5,134477,118884,3,5,10,8,1,4,0,18.0
740,38,24,14,0,1,44952,83387,5,2,13,3,0,4,0,9.3
741,28,34,6,6,2,110618,97899,5,4,12,2,3,3,0,16.9
742,30,32,2,1,5,105483,27512,6,2,1,10,1,3,1,26.5
743,37,31,6,2,4,57379,129062,5,10,9,6,0,5,1,19.5
744,23,21,2,2,2,101953,31369,7,8,15,2,0,10,1,16.8
745,29,25,4,1,3,51432,35838,7,6,10,8,3,8,1,19.9
746,25,28,3,6,4,148312,82614,9,8,7,7,0,10,1,27.3
747,37,39,2,3,1,79654,59409,1,4,0,6,4,8,0,23.2
748,32,32,0,2,3,138688,30892,9,7,7,4,1,1,0,19.5
749,24,25,1,6,1,129334,60717,1,2,2,8,4,3,0,18.4
750,28,23,5,0,5,127181,31623,3,8,4,9,2,8,1,25.2
751,31,35,4,0,3,47167,32432,1,1,5,9,1,1,1,14.1
752,35,38,3,4,5,149562,52112,4,7,5,5,0,9,1,22.5
753,25,27,2,6,5,32679,40692,7,3,2,8,3,6,1,24.7
754,32,34,2,3,3,46416,25683,2,6,10,1,1,5,0,14.3
755,38,24,14,1,2,20877,111158,5,4,6,1,1,5,0,17.3
756,39,36,3,0,1,100465,24217,5,1,11,5,3,9,0,17.7
757,31,33,2,5,2,43527,55426,7,9,3,9,1,1,1,18.3
758,22,30,8,2,2,139400,22322,2,4,6,3,1,9,1,18.7
759,35,25,10,5,3,112454,93719,7,1,12,4,1,10,0,22.5
760,36,24,12,0,2,99144,83714,2,8,3,8,2,3,1,17.3
761,26,23,3,4,5,113244,58316,2,2,5,8,2,8,1,21.1
762,25,24,1,7,1,113282,124591,5,7,13,10,1,8,1,21.8
763,37,40,3,5,3,39886,101417,7,9,14,5,0,10,0,25.8
764,38,21,17,2,1,94194,61259,3,10,12,2,1,7,1,15.3
765,23,32,9,7,4,139858,26302,2,3,3,7,3,4,1,17.9
766,40,36,4,3,4,47969,48487,8,1,4,8,1,4,1,22.4
767,39,22,17,6,1,112763,115489,7,8,6,1,1,1,1,16.5
768,23,25,2,1,3,124186,22709,5,8,13,9,1,5,0,23.2
769,22,23,1,6,3,95831,33565,4,6,13,8,3,9,0,25.6
770,39,33,6,0,5,70051,22198,10,10,4,6,2,1,0,22.2
771,35,25,10,7,3,47781,115811,7,5,0,8,1,8,0,29.7
772,27,34,7,8,2,116974,40329,6,4,6,10,0,6,1,23.8
773,21,30,9,4,5,50701,103660,8,8,13,7,2,6,1,18.5
774,24,26,2,7,4,115811,35186,9,10,5,9,3,7,1,30.1
775,34,30,4,1,1,45213,23749,1,10,13,2,3,10,0,17.8
776,22,30,8,6,2,76426,113827,8,9,12,2,1,8,0,20.6
777,32,35,3,6,4,19993,61105,4,9,9,5,2,5,1,22.5
778,34,22,12,0,1,58206,115613,6,9,10,6,1,10,1,22.5
779,28,38,10,6,2,121105,120599,1,10,13,3,3,3,1,20.4
780,34,28,6,1,2,49030,94764,10,7,8,9,1,6,0,21.8
781,23,23,0,0,4,21024,94430,10,3,0,10,4,2,1,26.7
782,35,32,3,2,2,76131,50918,4,9,7,7,2,1,1,20.1
783,23,25,2,0,5,45110,26540,8,10,3,2,1,5,1,23.9
784,36,32,4,3,4,44390,76361,1,7,2,8,0,4,1,19.8
785,33,31,2,7,2,65135,51158,1,3,1,2,2,6,1,22.6
786,21,26,5,8,3,49875,37276,10,1,0,9,4,3,0,22.2
787,32,24,8,3,1,103862,30161,4,2,4,5,2,8,0,20.3
788,38,30,8,7,4,132311,79194,7,4,8,3,1,5,1,20.2
789,24,39,15,4,2,71957,106641,8,7,14,7,4,5,1,18.1
790,34,27,7,5,3,34847,70904,3,1,8,10,3,5,1,15.4
791,33,21,12,1,2,102588,68280,3,6,7,2,1,6,1,17.3
792,21,31,10,0,3,74039,72997,10,6,7,9,0,7,1,24.5
793,40,27,13,8,2,44979,85525,5,10,2,10,3,7,1,28.7
794,22,36,14,7,1,89936,67212,2,2,14,3,4,6,1,12.3
795,28,39,11,0,3,22675,96366,10,1,14,5,1,7,0,20.8
796,22,31,9,0,1,141179,24467,7,5,8,6,2,7,0,15.6
797,38,31,7,7,5,30339,63554,5,8,15,2,2,10,0,23.9
798,21,25,4,1,3,132211,41667,3,2,6,6,4,1,0,13.6
799,29,22,7,1,1,97767,21835,5,6,12,5,1,3,1,16.2
800,25,39,14,6,4,50079,80388,9,4,15,8,2,6,1,21.9
801,28,23,5,4,3,39704,58269,9,4,6,2,0,8,0,21.6
802,35,33,2,3,4,45403,56623,4,10,10,5,3,3,0,24.4
803,25,28,3,5,4,136602,125751,10,9,6,7,1,2,1,21.7
804,39,24,15,2,4,46094,109652,2,4,0,8,1,5,0,19.4
805,36,37,1,7,3,87619,27509,9,2,11,7,1,3,1,17.4
806,22,35,13,4,3,43641,18440,7,7,6,5,1,7,0,20.4
807,40,29,11,8,5,147398,79976,7,2,1,4,0,4,0,21.0
808,29,28,1,1,5,44484,48105,4,10,12,7,3,2,0,19.4
809,29,36,7,3,2,71366,57564,5,10,9,1,0,3,1,17.9
810,28,26,2,5,1,61685,36555,6,8,4,1,3,7,1,18.5
811,21,26,5,4,1,62754,101024,1,10,11,8,4,1,1,19.6
812,22,21,1,4,2,149896,33928,3,2,3,5,2,8,1,18.5
813,32,38,6,4,4,84463,59748,8,1,11,5,2,9,1,24.5
814,21,25,4,6,2,55128,58818,8,1,7,10,3,6,0,23.5
815,23,27,4,6,1,89807,126969,9,8,5,5,2,6,1,20.6
816,29,30,1,3,1,107987,121336,10,2,13,8,4,6,1,18.8
817,24,21,3,7,2,140242,101249,3,9,9,10,4,3,1,22.2
818,30,21,9,7,1,74970,49095,10,2,1,8,2,1,1,19.5
819,32,21,11,0,3,54102,57903,5,9,4,2,2,3,0,11.9
820,30,28,2,0,4,110964,44601,7,7,12,2,2,5,1,21.7
821,26,39,13,6,3,54484,101564,4,5,4,7,4,4,1,19.7
822,35,38,3,2,4,132528,24588,3,9,14,6,4,6,1,24.2
823,32,34,2,7,4,125546,72461,1,9,0,7,0,3,1,24.3
824,32,25,7,8,5,94898,19017,7,3,12,1,3,9,1,18.3
825,22,23,1,0,3,46062,55710,10,2,9,10,3,6,0,23.3
826,37,22,15,3,5,55788,85668,8,3,7,3,2,5,0,19.5
827,36,40,4,3,1,35600,12004,3,10,3,9,0,4,0,22.0
828,37,35,2,6,1,49932,51311,7,8,5,4,4,5,1,25.3
829,40,24,16,6,2,23677,36223,3,4,5,9,4,4,1,15.5
830,24,39,15,7,3,90137,63273,7,2,14,7,3,3,0,15.7
831,30,35,5,1,5,120086,13444,10,5,1,10,3,1,1,26.0
832,35,29,6,0,2,111781,77619,9,4,11,9,3,9,0,22.6
833,26,25,1,5,5,106943,72225,3,5,9,7,0,8,1,25.4
834,26,39,13,8,5,85954,28963,6,10,11,10,4,7,0,25.7
835,22,21,1,2,2,43307,99197,2,8,15,6,1,4,0,17.2
836,33,34,1,1,1,83662,27004,1,2,14,6,4,1,0,9.7
837,31,24,7,7,4,52921,95544,10,9,6,4,2,8,1,27.5
838,26,34,8,8,2,40549,88298,1,2,6,1,1,1,1,10.1
839,34,39,5,8,1,107315,36288,9,8,6,4,4,8,1,25.3
840,25,23,2,7,4,116597,126553,2,10,2,3,4,5,0,28.6
841,24,36,12,3,1,104748,14954,4,5,8,7,2,2,0,15.4
842,39,28,11,8,5,149084,52925,7,10,1,9,0,10,1,31.9
843,29,21,8,0,3,128468,46194,4,6,1,3,1,9,1,24.6
844,22,28,6,7,1,27269,57330,2,7,2,9,3,3,1,18.6
845,22,24,2,0,4,77046,97240,6,7,15,5,1,1,0,19.1
846,27,38,11,6,1,144398,18834,7,7,4,7,3,9,0,26.8
847,24,35,11,1,5,114392,58109,4,6,13,1,1,4,0,12.3
848,38,39,1,0,1,83515,118511,1,2,1,3,3,3,1,15.0
849,22,31,9,5,5,82027,50327,3,10,12,8,0,2,0,17.9
850,36,32,4,3,4,97355,60094,9,5,7,9,2,6,0,27.6
851,22,32,10,6,5,145456,48671,2,4,4,9,1,5,0,22.2
852,25,22,3,3,4,136951,26973,1,8,1,5,2,10,1,27.9
853,30,23,7,0,3,118646,76927,1,7,12,8,0,4,0,12.2
854,38,22,16,4,1,109174,15406,10,6,8,10,1,1,1,21.1
855,40,34,6,6,1,46628,84521,7,5,14,7,4,10,1,26.2
856,28,25,3,0,3,89930,23211,4,9,9,6,4,7,0,23.8
857,40,29,11,5,3,83670,114554,10,1,3,5,4,6,1,24.4
858,21,35,14,0,4,27700,59018,8,9,6,7,0,10,0,21.7
859,29,40,11,8,3,34788,69729,3,5,8,5,3,3,0,16.3
860,40,22,18,3,1,28093,36150,9,8,10,1,4,4,0,15.8
861,29,29,0,0,3,29726,90719,4,6,3,2,4,8,0,20.0
862,31,39,8,5,4,36715,96133,7,5,4,1,2,10,1,24.7
863,31,34,3,5,4,95086,93515,1,3,11,1,2,3,0,14.9
864,31,37,6,8,5,108191,40163,7,10,1,3,3,2,0,26.2
865,28,39,11,8,5,127597,82643,2,9,1,10,3,9,1,28.7
866,39,30,9,3,3,81720,116727,6,4,14,6,0,4,1,18.1
867,34,32,2,1,3,38039,59486,8,10,7,8,3,4,0,26.1
868,34,39,5,2,5,86230,116314,5,6,10,2,0,7,1,19.8
869,37,25,12,7,2,65163,126872,8,1,5,2,3,5,1,18.7
870,22,34,12,0,2,37140,29351,9,9,12,7,2,3,1,17.0
871,38,28,10,4,1,106292,129627,6,10,3,1,0,6,1,25.9
872,34,30,4,7,2,66090,106857,10,9,2,3,0,10,1,28.6
873,35,33,2,5,4,64326,78672,10,5,3,4,2,8,1,30.4
874,37,39,2,8,4,92778,54310,7,6,5,3,0,4,1,24.4
875,37,29,8,5,1,109054,49328,3,2,9,5,3,8,0,19.6
876,29,40,11,1,2,91040,30481,2,4,5,1,4,1,0,10.4
877,21,36,15,0,3,71252,48941,10,7,14,9,1,8,1,25.1
878,24,35,11,6,4,86958,23385,3,5,3,6,0,4,0,15.8
879,31,26,5,8,3,90380,71436,9,2,10,1,3,2,1,18.6
880,22,21,1,3,2,116620,126309,4,4,8,8,1,8,0,24.0
881,36,30,6,2,2,41255,79673,4,1,13,2,3,9,0,15.7
882,29,40,11,6,5,79529,95586,6,8,5,5,1,5,1,22.9
883,36,33,3,5,5,144080,50720,2,4,3,5,3,8,1,23.7
884,26,35,9,5,1,109115,103353,7,3,15,8,4,7,0,22.3
885,21,30,9,4,5,74388,128629,7,1,10,5,2,7,1,19.8
886,29,22,7,4,4,75395,56543,1,5,14,7,1,10,0,16.2
887,38,27,11,1,5,104424,28936,10,9,0,1,3,2,1,26.2
888,38,23,15,0,5,73171,59460,9,4,5,9,3,4,1,18.0
889,26,32,6,5,4,74522,84476,4,1,1,1,4,2,1,16.2
890,30,30,0,0,2,82830,16427,5,2,12,7,1,5,0,14.6
891,23,23,0,8,4,23283,13932,9,10,4,2,4,7,0,29.8
892,31,34,3,8,1,97207,47920,8,4,3,5,4,8,1,22.3
893,30,34,4,1,2,124517,85530,5,8,9,9,4,4,1,25.2
894,33,32,1,8,1,136559,41368,10,1,12,4,3,6,1,22.0
895,39,24,15,4,3,55688,118126,2,2,5,4,3,10,0,20.7
896,36,37,1,3,1,147346,45033,7,5,10,3,0,6,1,21.9
897,21,29,8,3,5,146116,83511,8,6,7,6,3,8,0,26.6
898,23,33,10,2,1,60491,80149,2,3,6,8,0,1,1,10.9
899,36,26,10,8,4,54664,110172,9,7,12,1,2,2,1,23.4
900,29,37,8,5,5,115421,85899,3,3,9,9,1,10,1,22.9
901,37,40,3,4,4,139341,39606,6,3,5,9,3,1,1,19.3
902,23,21,2,4,2,70236,102969,2,9,14,6,0,1,1,16.3
903,40,26,14,1,3,77252,57214,1,4,8,5,3,10,1,15.5
904,29,38,9,8,2,38309,89678,3,2,6,5,1,5,0,20.0
905,25,37,12,6,3,90676,117814,10,8,6,3,0,4,0,25.9
906,25,25,0,2,4,18064,54380,2,1,4,9,3,7,1,21.5
907,31,30,1,8,1,81117,85419,7,7,12,8,2,5,1,18.8
908,27,26,1,4,2,132620,85464,8,8,8,2,4,7,1,24.1
909,26,21,5,5,4,108699,107484,7,4,6,7,2,3,0,20.7
910,27,21,6,4,3,42669,60348,5,9,0,10,2,1,1,24.3
911,36,33,3,0,3,89873,93955,1,10,0,8,4,8,1,28.8
912,38,24,14,0,3,25559,92336,3,3,4,2,3,2,0,15.3
913,35,22,13,5,1,90739,123748,4,10,0,6,2,3,1,16.1
914,33,34,1,0,1,68578,120140,9,3,8,2,1,8,0,19.8
915,29,40,11,3,5,125282,34671,1,5,8,9,2,2,1,11.7
916,23,39,16,7,1,48477,23870,3,2,5,6,4,1,0,13.5
917,21,27,6,5,4,39305,126976,4,5,6,3,2,1,1,15.6
918,25,39,14,5,4,77234,121481,4,5,6,3,2,5,1,17.0
919,29,23,6,7,3,113319,57725,9,8,5,1,4,7,0,23.8
920,34,32,2,4,2,107700,103705,9,9,8,2,4,4,1,24.1
921,27,35,8,4,1,48224,79768,3,8,4,8,4,6,1,19.6
922,22,31,9,1,3,20070,32807,7,8,10,6,0,3,1,15.5
923,30,26,4,7,5,66800,110572,1,8,14,10,4,7,1,21.8
924,32,40,8,5,4,123159,51344,1,4,3,7,3,5,1,20.6
925,39,21,18,2,5,61616,51397,10,9,6,10,1,3,1,22.7
926,23,30,7,2,3,138248,63903,3,8,0,3,1,3,1,18.3
927,30,23,7,2,2,71299,69219,2,4,4,9,2,1,1,15.7
928,38,33,5,3,4,116642,120966,8,4,3,7,1,6,0,24.8
929,33,31,2,4,4,121245,82007,2,6,15,10,0,4,0,18.3
930,31,37,6,0,5,122380,22127,4,3,15,4,0,4,1,11.2
931,34,23,11,5,4,65153,67798,3,5,9,7,3,1,1,18.1
932,26,33,7,8,1,139876,117674,2,6,3,7,0,3,1,19.0
933,25,39,14,8,4,137194,13518,8,7,13,1,2,7,1,21.5
934,35,37,2,5,4,105834,122646,9,6,3,3,3,9,1,27.9
935,23,25,2,0,3,85590,37901,9,10,14,7,0,8,1,29.0
936,35,32,3,0,5,114808,45072,7,6,9,1,4,5,0,21.3
937,30,32,2,6,1,135118,54550,5,1,3,6,0,9,1,22.3
938,24,25,1,2,4,131010,129010,5,6,14,10,1,9,1,24.7
939,22,23,1,5,3,28036,31234,10,2,12,9,0,6,1,19.9
940,29,23,6,6,1,68238,86828,5,5,7,1,2,10,1,22.1
941,27,34,7,4,2,90575,77740,1,10,12,3,2,5,0,17.5
942,34,25,9,4,3,139226,90522,6,2,7,4,0,6,0,17.7
943,23,40,17,4,5,138755,89059,7,10,10,9,3,8,0,24.6
944,35,25,10,7,4,73217,81761,3,7,8,7,0,10,0,25.3
945,36,38,2,5,1,72408,110043,9,6,9,5,2,8,1,29.5
946,26,40,14,5,5,131123,66446,1,5,15,4,3,9,0,18.5
947,33,40,7,1,1,121743,40613,4,2,9,3,1,7,1,15.2
948,40,29,11,5,3,45692,99062,6,9,12,4,3,8,1,25.1
949,30,35,5,2,2,122871,49802,1,9,10,8,1,2,1,15.3
950,34,34,0,3,1,76770,30162,10,10,2,10,4,7,0,29.7
951,31,40,9,3,2,141709,101700,2,6,0,10,3,9,0,26.2
952,32,28,4,2,4,70372,54300,3,5,2,1,1,10,1,20.7
953,35,28,7,7,2,64367,72477,9,2,10,3,1,8,0,21.1
954,34,37,3,7,4,36445,114634,7,5,3,10,4,1,1,24.2
955,36,22,14,4,4,28461,59628,7,9,14,7,0,2,0,19.1
956,39,24,15,2,3,126237,98053,6,3,7,8,1,5,0,13.9
957,31,23,8,7,4,82154,111218,5,6,9,8,2,8,1,21.1
958,25,25,0,8,3,24800,40969,6,10,11,5,2,3,1,20.7
959,36,35,1,4,2,51699,31205,10,5,12,5,1,1,0,16.7
960,21,29,8,5,5,124389,74517,10,3,11,3,4,9,1,22.8
961,37,32,5,6,4,62334,126135,9,8,5,8,3,1,0,23.2
962,28,25,3,4,5,49350,97196,4,6,15,8,4,1,0,18.4
963,27,32,5,0,4,43910,55190,9,2,8,9,4,9,0,23.7
964,39,37,2,3,2,85127,116499,3,4,7,8,1,1,1,17.1
965,38,29,9,1,2,34690,29373,9,5,1,4,1,4,1,16.7
966,22,31,9,1,2,143383,27257,8,2,15,4,0,9,0,17.1
967,40,36,4,4,5,20517,88246,7,2,14,4,4,10,1,24.6
968,34,40,6,4,4,64276,55075,9,8,9,5,2,9,0,26.6
969,31,29,2,8,5,98951,94040,8,2,5,8,0,6,1,22.8
970,34,30,4,1,4,107766,95608,9,3,6,2,1,4,1,19.2
971,37,30,7,5,5,141699,25489,5,10,6,10,1,6,0,27.1
972,26,26,0,2,3,142197,97654,10,7,8,4,2,8,1,28.5
973,32,25,7,4,3,110781,120689,6,8,9,7,4,7,1,30.8
974,22,34,12,5,2,137770,112538,5,1,6,4,2,5,1,16.6
975,21,31,10,6,4,103376,85147,9,4,6,10,4,8,1,27.8
976,31,36,5,7,1,120252,102151,8,4,8,10,4,7,0,26.6
977,24,22,2,5,3,114848,69425,5,2,15,3,0,6,1,18.1
978,39,30,9,3,5,41070,69443,4,6,8,9,4,5,0,16.5
979,25,23,2,5,3,134874,109946,4,3,10,8,1,8,1,19.4
980,29,29,0,0,2,49245,96179,7,7,12,8,0,9,0,26.2
981,37,32,5,0,5,132611,16205,9,6,15,5,4,6,0,20.9
982,38,24,14,8,2,40997,87225,8,10,6,2,3,5,1,20.6
983,35,25,10,5,1,65624,96913,10,6,14,9,3,1,1,18.8
984,33,21,12,0,2,102511,67987,3,5,7,10,2,9,1,20.3
985,27,39,12,5,5,58004,36752,3,4,9,3,0,1,0,12.7
986,23,31,8,5,2,72737,38437,5,3,13,5,1,4,1,11.6
987,21,25,4,7,1,116333,15332,8,4,12,1,3,8,1,22.1
988,39,24,15,1,2,49903,33349,4,2,15,10,2,6,1,18.0
989,27,27,0,1,5,112334,74649,5,9,3,8,0,1,1,22.4
990,24,32,8,5,3,35119,68904,5,4,2,7,3,1,1,15.5
991,31,22,9,2,2,64493,86000,1,3,4,3,3,1,0,9.8
992,30,32,2,6,2,127901,34599,3,9,4,3,2,2,0,19.1
993,21,36,15,3,3,123815,93960,6,5,10,1,0,6,0,16.2
994,25,34,9,0,5,116837,111942,10,9,5,3,0,1,1,20.0
995,28,23,5,6,1,47467,74349,8,7,14,3,4,1,1,12.1
996,29,25,4,5,5,113835,92427,2,8,15,10,1,3,0,19.4
997,37,25,12,2,2,39545,109410,2,7,9,10,0,4,0,16.5
998,30,31,1,7,5,87920,111600,3,6,13,6,1,10,0,28.0
999,33,22,11,3,2,21754,30737,1,4,5,7,2,1,1,9.8
1000,39,33,6,7,2,136801,93436,5,9,14,2,2,9,1,24.7
